"CreatedBy","CreatedDateTime","Department_id","LastUpdatedBy","LastUpdatedDateTime","Name","SoftDeleteFlag"
"","'08-Apr-2017 14:18:47","1","","'08-Apr-2017 14:20:21","Product Management","false"
"","'08-Apr-2017 14:18:47","2","","'08-Apr-2017 14:20:21","Sales","false"
"","'08-Apr-2017 14:19:05","3","","'08-Apr-2017 14:21:00","Customer Service","false"
"","'08-Apr-2017 14:19:21","4","","'08-Apr-2017 14:21:17","Finance","false"
"","'08-Apr-2017 14:19:35","5","","'08-Apr-2017 14:21:31","Admin","false"
"","'08-Apr-2017 14:19:49","6","","'08-Apr-2017 14:21:44","IT","false"
