"CreatedBy","CreatedDateTime","Designation_id","LastUpdatedBy","LastUpdatedDateTime","Name","SoftDeleteFlag"
"","'08-Apr-2017 14:10:19","1","","'08-Apr-2017 14:10:19","President","false"
"","'08-Apr-2017 14:11:08","2","","'08-Apr-2017 14:11:08","Senior Director","false"
"","'08-Apr-2017 14:11:25","3","","'08-Apr-2017 14:11:25","Senior Product Manager","false"
"","'08-Apr-2017 14:11:45","4","","'08-Apr-2017 14:11:45","Product Manager","false"
"","'08-Apr-2017 14:12:03","5","","'08-Apr-2017 14:12:03","Associate Product Manager","false"
"","'08-Apr-2017 14:12:21","6","","'08-Apr-2017 14:12:21","Business Development Manager","false"
"","'08-Apr-2017 14:12:42","7","","'08-Apr-2017 14:12:42","Chief Executive Officer","false"
"","'08-Apr-2017 14:12:59","8","","'08-Apr-2017 14:12:59","Senior Vice President","false"
"","'08-Apr-2017 14:13:19","9","","'08-Apr-2017 14:13:19","Director","false"
"","'08-Apr-2017 14:13:35","10","","'08-Apr-2017 14:13:35","Senior Technical Lead","false"
"","'08-Apr-2017 14:13:54","11","","'08-Apr-2017 14:13:54","Chief Financial Officer","false"
"","'08-Apr-2017 14:14:10","12","","'08-Apr-2017 14:14:10","VP, Contracts & Leagal Services","false"
"","'08-Apr-2017 14:14:29","13","","'08-Apr-2017 14:14:29","Front Office Executive","false"
"","'08-Apr-2017 14:15:05","14","","'08-Apr-2017 14:15:05","IT Administrator","false"
"","'08-Apr-2017 14:15:22","15","","'08-Apr-2017 14:15:22","Senior Project Manager","false"
